URL,Category
https://www.officenational.com.au/shop/ClickInfo?URL=https%3a%2f%2fwww.officenational.com.au%2fshop%2fen%2fonesolution%2finitiative-cover-paper-125gsm-a3-15-colour-assorted-pack-500-7038216%3fevtype%3d%26mpe_id%3d%26intv_id%3d%26storeId%3d%26catalogId%3d%26langId%3d%26experimentId%3d%26testElementId%3d%26controlElement%3d%26expDataType%3d%26expDataUniqueID%3d&evtype=CpgnClick&mpe_id=1494194&intv_id=0&storeId=103052&catalogId=10051&langId=-1&expDataType=CatalogEntryId&expDataUniqueID=4799199,paper-supplies
https://www.officenational.com.au/shop/ClickInfo?URL=https%3a%2f%2fwww.officenational.com.au%2fshop%2fen%2fonesolution%2frainbow-office-paper-a4-80gsm-500-sheets-yellow-7088900--1%3fevtype%3d%26mpe_id%3d%26intv_id%3d%26storeId%3d%26catalogId%3d%26langId%3d%26experimentId%3d%26testElementId%3d%26controlElement%3d%26expDataType%3d%26expDataUniqueID%3d&evtype=CpgnClick&mpe_id=1494194&intv_id=0&storeId=103052&catalogId=10051&langId=-1&expDataType=CatalogEntryId&expDataUniqueID=11235691,paper-supplies
https://www.officenational.com.au/shop/ClickInfo?URL=https%3a%2f%2fwww.officenational.com.au%2fshop%2fen%2fonesolution%2frainbow-cover-paper-125gsm-a3--white-pack-500-7030141%3fevtype%3d%26mpe_id%3d%26intv_id%3d%26storeId%3d%26catalogId%3d%26langId%3d%26experimentId%3d%26testElementId%3d%26controlElement%3d%26expDataType%3d%26expDataUniqueID%3d&evtype=CpgnClick&mpe_id=1494194&intv_id=0&storeId=103052&catalogId=10051&langId=-1&expDataType=CatalogEntryId&expDataUniqueID=3007172,paper-supplies
https://www.officenational.com.au/shop/en/onesolution/paper-supplies/double-a-smoother-copy-paper-a4-80gsm-white-500-sheets-7000264,paper-supplies
https://www.officenational.com.au/shop/en/onesolution/paper-supplies/double-a-presentation-a4-copy-paper-100gsm-white-pack-200-sheets-7097015--1,paper-supplies
https://www.officenational.com.au/shop/en/onesolution/paper-supplies/double-a-presentation-a3-copy-paper-100gsm-white-pack-200-sheets-7097016--1,paper-supplies
https://www.officenational.com.au/shop/en/onesolution/paper-supplies/initiative-a3-digital-coated-copy-paper-gloss-130gsm-white-pack-250-7112787-14650625--1,paper-supplies
https://www.officenational.com.au/shop/en/onesolution/paper-supplies/initiative-a4-digital-coated-copy-paper-gloss-170gsm-white-pack-250-7112785-14650623--1,paper-supplies
https://www.officenational.com.au/shop/en/onesolution/paper-supplies/initiative-a4-digital-coated-copy-paper-gloss-130gsm-white-pack-250-7112784-14661032--1,paper-supplies
https://www.officenational.com.au/shop/en/onesolution/paper-supplies/initiative-a3-digital-coated-copy-paper-gloss-170gsm-white-pack-250-7112788-14653138--1,paper-supplies
https://www.officenational.com.au/shop/en/onesolution/paper-supplies/initiative-a4-digital-coated-copy-paper-gloss-200gsm-white-pack-125-7112786-14660035--1,paper-supplies
https://www.officenational.com.au/shop/en/onesolution/paper-supplies/double-a-smoother-copy-paper-a3-80gsm-white-500-sheets-7009360,paper-supplies
https://www.officenational.com.au/shop/en/onesolution/paper-supplies/double-a-smoother-copy-paper-a5-80gsm-white--500-sheets-7024815,paper-supplies
https://www.officenational.com.au/shop/en/onesolution/paper-supplies/mondi-color-copy-paper-a4-200gsm-250-sheets-7000421,paper-supplies
https://www.officenational.com.au/shop/en/onesolution/paper-supplies/mondi-color-copy-paper-a3-160gsm-250-sheets-7003459,paper-supplies
https://www.officenational.com.au/shop/en/onesolution/paper-supplies/mondi-color-copy-paper-a4-90gsm-500-sheets-7006577,paper-supplies
https://www.officenational.com.au/shop/en/onesolution/paper-supplies/mondi-color-copy-paper-a4-100gsm-500-sheets-7008471,paper-supplies
https://www.officenational.com.au/shop/en/onesolution/paper-supplies/mondi-color-copy-paper-a3-100gsm-500-sheets-7000964,paper-supplies
https://www.officenational.com.au/shop/en/onesolution/paper-supplies/mondi-color-copy-paper-a4-120gsm-250-sheets-7031036,paper-supplies
https://www.officenational.com.au/shop/en/onesolution/paper-supplies/mondi-color-copy-paper-a3-120gsm-250-sheets-7031037,paper-supplies
https://www.officenational.com.au/shop/en/onesolution/paper-supplies/mondi-color-copy-paper-a4-250gsm-125-sheets-7031038,paper-supplies
https://www.officenational.com.au/shop/en/onesolution/paper-supplies/mondi-color-copy-paper-a3-250gsm-125-sheets-7031039,paper-supplies
https://www.officenational.com.au/shop/en/onesolution/paper-supplies/mondi-color-copy-a3-paper-200gsm-pack-250-7021672,paper-supplies
https://www.officenational.com.au/shop/en/onesolution/paper-supplies/color-copy-a3-copy-paper-90gsm-white-500-sheets-7024055,paper-supplies
https://www.officenational.com.au/shop/en/onesolution/paper-supplies/mondi-color-a4-copy-paper-160gsm-250-sheets-7010642--1,paper-supplies
https://www.officenational.com.au/shop/en/onesolution/paper-supplies/reflex-colours-copy-paper-a3-80gsm-blue-500-sheet-7003080,paper-supplies
https://www.officenational.com.au/shop/en/onesolution/paper-supplies/reflex-colours-copy-paper-a3-80gsm-yellow-500-sheet-7012388,paper-supplies
https://www.officenational.com.au/shop/en/onesolution/paper-supplies/reflex-colours-copy-paper-a4-80gsm-yellow-500-sheet-7004800,paper-supplies
https://www.officenational.com.au/shop/en/onesolution/paper-supplies/reflex-colours-copy-paper-a4-80gsm-blue-500-sheet-7000218,paper-supplies
https://www.officenational.com.au/shop/en/onesolution/paper-supplies/reflex-colours-copy-paper-a4-80gsm-gold-500-sheet-7001271,paper-supplies
https://www.officenational.com.au/shop/en/onesolution/paper-supplies/reflex-colours-copy-paper-a4-80gsm-green-500-sheet-7006192,paper-supplies
https://www.officenational.com.au/shop/en/onesolution/paper-supplies/quill-office-paper-xl-a4-80gsm-fluoro-assorted-pack-500-7022394,paper-supplies
https://www.officenational.com.au/shop/en/onesolution/paper-supplies/quill-office-paper-xl-a4-80gsm-brights-assorted-pack-500-7022395,paper-supplies
https://www.officenational.com.au/shop/en/onesolution/paper-supplies/quill-office-paper-xl-a4-80gsm-pastel-assorted-pack-500-7022396,paper-supplies
https://www.officenational.com.au/shop/en/onesolution/paper-supplies/quill-xl-office-paper-a4-80gsm-powder-blue-pack-100-7000385,paper-supplies
https://www.officenational.com.au/shop/en/onesolution/paper-supplies/quill-xl-office-paper-a4-80gsm-musk-pack-100-7001380,paper-supplies
https://www.officenational.com.au/shop/en/onesolution/paper-supplies/quill-xl-office-paper-a4-80gsm-grey-pack-100-7004238,paper-supplies
https://www.officenational.com.au/shop/en/onesolution/paper-supplies/quill-xl-office-paper-a4-80gsm-sunshine-pack-100-7004555,paper-supplies
https://www.officenational.com.au/shop/en/onesolution/paper-supplies/quill-xl-office-paper-a4-80gsm-red-pack-100-7004907,paper-supplies
https://www.officenational.com.au/shop/en/onesolution/paper-supplies/quill-xl-office-paper-a4-80gsm-marine-blue-pack-100-7005800,paper-supplies
https://www.officenational.com.au/shop/en/onesolution/paper-supplies/quill-xl-office-paper-a4-80gsm-black-pack-100-7006009,paper-supplies
https://www.officenational.com.au/shop/en/onesolution/paper-supplies/quill-xl-office-paper-a4-80gsm-emerald-pack-100-7006863,paper-supplies
https://www.officenational.com.au/shop/en/onesolution/paper-supplies/quill-xl-office-paper-a4-80gsm-lemon-pack-100-7007660,paper-supplies
https://www.officenational.com.au/shop/en/onesolution/paper-supplies/quill-xl-office-paper-a4-80gsm-lime-pack-100-7010895,paper-supplies
https://www.officenational.com.au/shop/en/onesolution/paper-supplies/quill-xl-office-paper-a4-80gsm-cream-pack-100-7012488,paper-supplies
https://www.officenational.com.au/shop/en/onesolution/paper-supplies/quill-xl-office-paper-a4-80gsm-orange-pack-100-7013036,paper-supplies
https://www.officenational.com.au/shop/en/onesolution/paper-supplies/initiative-colours-copy-paper-80gsm-a4-yellow-pack-500-sheets-7114801-14946061--1,paper-supplies
https://www.officenational.com.au/shop/en/onesolution/paper-supplies/initiative-colours-copy-paper-80gsm-a4-pink-pack-500-sheets-7114802-14948533--1,paper-supplies
https://www.officenational.com.au/shop/en/onesolution/paper-supplies/initiative-colours-copy-paper-80gsm-a4-blue-pack-500-sheets-7114804-14941087--1,paper-supplies
https://www.officenational.com.au/shop/en/onesolution/paper-supplies/initiative-colours-copy-paper-80gsm-a4-green-pack-500-sheets-7114803-14948032--1,paper-supplies
https://www.officenational.com.au/shop/en/onesolution/paper-supplies/quill-90157-xl-copy-paper-80gsm-a4-lime-pack-500-7045522--1,paper-supplies
https://www.officenational.com.au/shop/en/onesolution/paper-supplies/quill-xl-office-paper-a4-80gsm-fluoro-orange-ream-500-sheets-7034386--1,paper-supplies
https://www.officenational.com.au/shop/en/onesolution/paper-supplies/quill-90184-copy-paper-xl-a4-80gsm-fluoro-yellow-7032919--1,paper-supplies
https://www.officenational.com.au/shop/en/onesolution/paper-supplies/quill-paper-copy-80gsm-a4-fluoro-assorted-pack-100-7052454,paper-supplies
https://www.officenational.com.au/shop/en/onesolution/paper-supplies/quill-xl-office-paper-a4-80gsm-fluoro-green-ream-500-sheets-7034387--1,paper-supplies
https://www.officenational.com.au/shop/en/onesolution/paper-supplies/quill-xl-copy-paper-a4-80gsm-orange-pack-500-sheets-7052867--1,paper-supplies
https://www.officenational.com.au/shop/en/onesolution/paper-supplies/quill-xl-multioffice-paper-a4-sunshine-pack-500-7047138--1,paper-supplies
https://www.officenational.com.au/shop/en/onesolution/paper-supplies/quill-xl-multioffice-coloured-copy-paper-80gsm-a4-marine-blue-pack-500-7056379,paper-supplies
https://www.officenational.com.au/shop/en/onesolution/paper-supplies/quill-xl-multioffice-coloured-copy-paper-80gsm-a4-emerald-pack-500-7056382,paper-supplies
https://www.officenational.com.au/shop/en/onesolution/paper-supplies/quill-xl-multioffice-coloured-copy-paper-80gsm-a4-lemon-pack-500-7056386,paper-supplies
https://www.officenational.com.au/shop/en/onesolution/paper-supplies/quill-coloured-copy-paper-80gsm-a4-pastels-assorted-pack-250-7056317,paper-supplies
https://www.officenational.com.au/shop/en/onesolution/paper-supplies/quill-coloured-copy-paper-80gsm-a4-flouro-assorted-pack-250-7056323,paper-supplies
https://www.officenational.com.au/shop/en/onesolution/paper-supplies/quill-xl-multioffice-coloured-copy-paper-80gsm-a4-powder-blue-pack-500-7056380,paper-supplies
https://www.officenational.com.au/shop/en/onesolution/paper-supplies/quill-xl-multioffice-coloured-copy-paper-80gsm-a4-black-pack-500-7056387,paper-supplies
https://www.officenational.com.au/shop/en/onesolution/paper-supplies/quill-xl-multioffice-coloured-copy-paper-80gsm-a4-musk-pack-500-7056388,paper-supplies
https://www.officenational.com.au/shop/en/onesolution/paper-supplies/quill-coloured-copy-paper-80gsm-a4-hot-and-cold-assorted-pack-500-7056660,paper-supplies
https://www.officenational.com.au/shop/en/onesolution/paper-supplies/quill-coloured-copy-paper-80gsm-a4-hot-assorted-pack-100-7056669,paper-supplies
https://www.officenational.com.au/shop/en/onesolution/paper-supplies/quill-xl-multioffice-coloured-copy-paper-80gsm-a4-grey-pack-500-7056677,paper-supplies
https://www.officenational.com.au/shop/en/onesolution/paper-supplies/quill-coloured-copy-paper-80gsm-a4-cold-assorted-pack-100-7056665,paper-supplies
https://www.officenational.com.au/shop/en/onesolution/paper-supplies/quill-coloured-copy-paper-80gsm-a4-brights-assorted-pack-250-7056668,paper-supplies
https://www.officenational.com.au/shop/en/onesolution/paper-supplies/quill-xl-multioffice-coloured-copy-paper-80gsm-a4-cream-pack-500-7056676,paper-supplies
https://www.officenational.com.au/shop/en/onesolution/paper-supplies/quill-paper-80gsm-a5-pastel-assorted-pack-250-7057446,paper-supplies
https://www.officenational.com.au/shop/en/onesolution/paper-supplies/quill-paper-80gsm-a5-bright-assorted-pack-250-7057444,paper-supplies
https://www.officenational.com.au/shop/en/onesolution/paper-supplies/quill-paper-80gsm-a5-fluoro-assorted-pack-250-7057445,paper-supplies
https://www.officenational.com.au/shop/en/onesolution/paper-supplies/rainbow-office-paper-a4-80gsm-500-sheets-black-7088920,paper-supplies
https://www.officenational.com.au/shop/en/onesolution/paper-supplies/rainbow-office-paper-a4-80gsm-500-sheets-assorted-7034485,paper-supplies
https://www.officenational.com.au/shop/en/onesolution/paper-supplies/rainbow-office-paper-a4-80gsm-100-sheets-pastel-assorted-7051638,paper-supplies
https://www.officenational.com.au/shop/en/onesolution/paper-supplies/rainbow-office-paper-a3-80gsm-100-sheets-assorted-7035305,paper-supplies
https://www.officenational.com.au/shop/en/onesolution/paper-supplies/rainbow-office-paper-a4-80gsm-100-sheets-bright-assorted-7042392,paper-supplies
https://www.officenational.com.au/shop/en/onesolution/paper-supplies/rainbow-office-paper-a4-75gsm-100-sheets-fluoro-assorted-7051639,paper-supplies
https://www.officenational.com.au/shop/en/onesolution/paper-supplies/rainbow-office-paper-a4-80gsm-500-sheets-sky-blue-7088905--1,paper-supplies
https://www.officenational.com.au/shop/en/onesolution/paper-supplies/rainbow-office-paper-a4-80gsm-500-sheets-lavender-7088909--1,paper-supplies
https://www.officenational.com.au/shop/en/onesolution/paper-supplies/rainbow-office-paper-a4-75gsm-500-sheets-fluro-pink-7088913--1,paper-supplies
https://www.officenational.com.au/shop/en/onesolution/paper-supplies/rainbow-office-paper-a3-80gsm-500-sheets-pink-7088916--1,paper-supplies
https://www.officenational.com.au/shop/en/onesolution/paper-supplies/rainbow-office-paper-a4-80gsm-500-sheets-fluro-assorted-7034488--1,paper-supplies
https://www.officenational.com.au/shop/en/onesolution/paper-supplies/rainbow-office-paper-a4-80gsm-500-sheets-pastel-assorted-7034486--1,paper-supplies
https://www.officenational.com.au/shop/en/onesolution/paper-supplies/rainbow-office-paper-a4-80gsm-500-sheets-bright-assorted-7034487--1,paper-supplies
https://www.officenational.com.au/shop/en/onesolution/paper-supplies/rainbow-office-paper-a4-80gsm-500-sheets-green-7088903--1,paper-supplies
https://www.officenational.com.au/shop/en/onesolution/paper-supplies/rainbow-office-paper-a4-80gsm-500-sheets-pink-7088907--1,paper-supplies
https://www.officenational.com.au/shop/en/onesolution/paper-supplies/rainbow-office-paper-a3-80gsm-500-sheets-mint-7088917--1,paper-supplies
https://www.officenational.com.au/shop/en/onesolution/paper-supplies/rainbow-office-paper-a4-75gsm-500-sheets-fluro-orange-7088912--1,paper-supplies
https://www.officenational.com.au/shop/en/onesolution/paper-supplies/rainbow-office-paper-a4-80gsm-500-sheets-orange-7088902--1,paper-supplies
https://www.officenational.com.au/shop/en/onesolution/paper-supplies/rainbow-office-paper-a4-80gsm-500-sheets-mint-7088906--1,paper-supplies
https://www.officenational.com.au/shop/en/onesolution/paper-supplies/rainbow-office-paper-a4-80gsm-500-sheets-blue-7088899--1,paper-supplies
https://www.officenational.com.au/shop/en/onesolution/paper-supplies/rainbow-office-paper-a4-75gsm-500-sheets-fluro-green-7088911--1,paper-supplies
https://www.officenational.com.au/shop/en/onesolution/paper-supplies/rainbow-office-paper-a3-80gsm-500-sheets-ivory-7088915--1,paper-supplies
https://www.officenational.com.au/shop/en/onesolution/paper-supplies/rainbow-office-paper-a3-80gsm-500-sheets-sky-blue-7088919--1,paper-supplies
https://www.officenational.com.au/shop/en/onesolution/paper-supplies/rainbow-office-paper-a4-80gsm-500-sheets-red-7088901--1,paper-supplies
https://www.officenational.com.au/shop/en/onesolution/paper-supplies/rainbow-office-paper-a4-80gsm-500-sheets-yellow-7088900--1,paper-supplies
https://www.officenational.com.au/shop/en/onesolution/paper-supplies/rainbow-office-paper-a4-80gsm-500-sheets-gold-7088904--1,paper-supplies
https://www.officenational.com.au/shop/en/onesolution/paper-supplies/rainbow-office-paper-a4-80gsm-500-sheets-sand-7088908--1,paper-supplies
https://www.officenational.com.au/shop/en/onesolution/paper-supplies/rainbow-office-paper-a3-80gsm-500-sheets-sand-7088918--1,paper-supplies
https://www.officenational.com.au/shop/en/onesolution/paper-supplies/rainbow-office-paper-a4-80gsm-500-sheets-ivory-7088910--1,paper-supplies
https://www.officenational.com.au/shop/en/onesolution/paper-supplies/rainbow-office-paper-a4-75gsm-500-sheets-fluro-yellow-7088914--1,paper-supplies
https://www.officenational.com.au/shop/en/onesolution/paper-supplies/rainbow-office-paper-a4-80gsm-100-sheets-assorted-7091332,paper-supplies
https://www.officenational.com.au/shop/en/onesolution/paper-supplies/rainbow-office-paper-a3-75gsm-100-sheets-fluro-assorted-7093379,paper-supplies
https://www.officenational.com.au/shop/en/onesolution/paper-supplies/rainbow-office-paper-a3-80gsm-100-sheets-bright-assorted-7093378,paper-supplies
https://www.officenational.com.au/shop/en/onesolution/paper-supplies/rainbow-office-paper-a3-80gsm-100-sheets-pastel-assorted-7093377,paper-supplies
https://www.officenational.com.au/shop/en/onesolution/paper-supplies/quill-paper-125gsm-a4-black-pack-250-7093798--1,paper-supplies
https://www.officenational.com.au/shop/en/onesolution/paper-supplies/quill-coloured-copy-paper-80gsm-a3-bright-assorted-pack-150-7093773--1,paper-supplies
https://www.officenational.com.au/shop/en/onesolution/paper-supplies/quill-coloured-copy-paper-125gsm-a4-white-pack-250-7093776--1,paper-supplies
https://www.officenational.com.au/shop/en/onesolution/paper-supplies/quill-coloured-copy-paper-125gsm-a3-black-pack-250-7093780--1,paper-supplies
https://www.officenational.com.au/shop/en/onesolution/paper-supplies/quill-paper-80gsm-a3-pastel-assorted-pack-150-7093797--1,paper-supplies
https://www.officenational.com.au/shop/en/onesolution/paper-supplies/quill-coloured-copy-paper-80gsm-a3-cold-assorted-pack-150-7093772--1,paper-supplies
https://www.officenational.com.au/shop/en/onesolution/paper-supplies/quill-coloured-copy-paper-80gsm-a3-fluoro-assorted-pack-150-7093771--1,paper-supplies
https://www.officenational.com.au/shop/en/onesolution/paper-supplies/quill-coloured-copy-paper-125gsm-a5-assorted-pack-250-7093777--1,paper-supplies
https://www.officenational.com.au/shop/en/onesolution/paper-supplies/quill-coloured-copy-paper-125gsm-a4-assorted-pack-250-7093779--1,paper-supplies
https://www.officenational.com.au/shop/en/onesolution/paper-supplies/rainbow-coloured-copy-paper-a4-80gsm-500-sheets-lemon-yellow-7093130,paper-supplies
https://www.officenational.com.au/shop/en/onesolution/paper-supplies/quill-coloured-a4-copy-paper-80gsm-red-pack-500-7096781,paper-supplies
https://www.officenational.com.au/shop/en/onesolution/paper-supplies/rainbow-coloured-a4-copy-paper-80gsm-500-sheets-taro-mauve-7098384,paper-supplies
https://www.officenational.com.au/shop/en/onesolution/paper-supplies/rainbow-coloured-a3-copy-paper-80gsm-500-sheets-lemon-yellow-7109391,paper-supplies
https://www.officenational.com.au/shop/en/onesolution/paper-supplies/victory-ccr612-thermal-cash-register-roll-44-x-76-x-115mm-pack-8-7003297,paper-supplies
https://www.officenational.com.au/shop/en/onesolution/paper-supplies/victory-ccr606-cash-register-roll-2-ply-76-x-76mm-pack-4-7011698,paper-supplies
https://www.officenational.com.au/shop/en/onesolution/paper-supplies/victory-ccr607-thermal-cash-register-roll-eftpos-57-x-57-x-115mm-pack8-7001532,paper-supplies
https://www.officenational.com.au/shop/en/onesolution/paper-supplies/victory-ccr608-thermal-cash-register-roll-57-x-70-x-115mm-pack-4-7010118,paper-supplies
https://www.officenational.com.au/shop/en/onesolution/paper-supplies/victory-ccr609-thermal-cash-register-roll-76-x-76-x-115mm-pack-4-7010533,paper-supplies
https://www.officenational.com.au/shop/en/onesolution/paper-supplies/victory-ccr610-thermal-cash-register-roll-80-x-80-x-115mm-pack-4-7006063,paper-supplies
https://www.officenational.com.au/shop/en/onesolution/paper-supplies/victory-ccr611-thermal-cash-register-roll-eftpos-57-x-45-x-115mm-pack-10-7001592,paper-supplies
https://www.officenational.com.au/shop/en/onesolution/paper-supplies/marbig-cash-register-roll-lint-free-76-x-76-x-115mm-pack-4-7026620,paper-supplies
https://www.officenational.com.au/shop/en/onesolution/paper-supplies/marbig-cash-register-roll-2-ply-76-x-76-x-115mm-pack-4-7026622,paper-supplies
https://www.officenational.com.au/shop/en/onesolution/paper-supplies/marbig-cash-register-eftpos-roll-thermal-57-x-57-x-115mm-pack-8-7026623--1,paper-supplies
https://www.officenational.com.au/shop/en/onesolution/paper-supplies/marbig-cash-register-roll-thermal-57-x-70-x-115-pack-4-7026624,paper-supplies
https://www.officenational.com.au/shop/en/onesolution/paper-supplies/marbig-cash-register-roll-thermal-76-x-76-x-115mm-pack-4-7026625,paper-supplies
https://www.officenational.com.au/shop/en/onesolution/paper-supplies/marbig-cash-register-roll-thermal-80-x-80-x-115mm-pack-4-7026626--1,paper-supplies
https://www.officenational.com.au/shop/en/onesolution/paper-supplies/marbig-cash-register-eftpos-roll-thermal-57-x-45-x-115mm-pack-10-7026627--1,paper-supplies
https://www.officenational.com.au/shop/en/onesolution/paper-supplies/marbig-cash-register-eft-thermal-roll-57-x-35-x-115-mm-pack-10-7046306,paper-supplies
https://www.officenational.com.au/shop/en/onesolution/paper-supplies/initiative-thermal-cash-register-roll-80-x-80-x-115mm-pack-4-7070142,paper-supplies
https://www.officenational.com.au/shop/en/onesolution/paper-supplies/initiative-cash-register-roll-lint-free-76-x-76-x-115mm-pack-4-7070141,paper-supplies
https://www.officenational.com.au/shop/en/onesolution/paper-supplies/initiative-thermal-cash-register-roll-eftpos-57-x-45-x-115mm-pack-10-7070144,paper-supplies
https://www.officenational.com.au/shop/en/onesolution/paper-supplies/initiative-thermal-cash-register-roll-eftpos-57-x-57-x-115mm-pack-8-7070143,paper-supplies
https://www.officenational.com.au/shop/en/onesolution/paper-supplies/initiative-thermal-cash-register-roll-eftpos-57-x-37-x-12mm-pack-10-7096880--1,paper-supplies
https://www.officenational.com.au/shop/en/onesolution/paper-supplies/initiative-thermal-cash-register-roll-eftpos-57-x-35-x-12mm-pack-10-7096881--1,paper-supplies
https://www.officenational.com.au/shop/en/onesolution/paper-supplies/goodson-plain-bond-paper-roll-114-x-80-x-12mm-box-20-7112722-14590300--1,paper-supplies
https://www.officenational.com.au/shop/en/onesolution/paper-supplies/goodson-premium-thermal-paper-roll-80-x-80-x-12mm-box-24-7112736-14602556--1,paper-supplies
https://www.officenational.com.au/shop/en/onesolution/paper-supplies/goodson-carbonless-paper-roll-2-ply-76-x-76-x-12mm-box-48-7112723-14590301--1,paper-supplies
https://www.officenational.com.au/shop/en/onesolution/paper-supplies/goodson-plain-bond-paper-roll-44-x-76-x-12mm-box-48-7112717-14593814--1,paper-supplies
https://www.officenational.com.au/shop/en/onesolution/paper-supplies/goodson-economy-thermal-paper-roll-80-x-80-x-12mm-box-48-7112735-14603040--1,paper-supplies
https://www.officenational.com.au/shop/en/onesolution/paper-supplies/goodson-thermal-paper-roll-57-x-57-x-12mm-box-50-7112727-14591809--1,paper-supplies
https://www.officenational.com.au/shop/en/onesolution/paper-supplies/goodson-plain-bond-paper-roll-44-x-70-x-12mm-box-50-7112716-14591808--1,paper-supplies
https://www.officenational.com.au/shop/en/onesolution/paper-supplies/goodson-carbonless-paper-roll-3-ply-76-x-76-x-12mm-box-48-7112724-14591810--1,paper-supplies
https://www.officenational.com.au/shop/en/onesolution/paper-supplies/goodson-plain-bond-paper-roll-57-x-50-x-12mm-box-50-7112718-14603537--1,paper-supplies
https://www.officenational.com.au/shop/en/onesolution/paper-supplies/goodson-thermal-paper-roll-80-x-80-x-12mm-box-48-7112729-14602548--1,paper-supplies
https://www.officenational.com.au/shop/en/onesolution/paper-supplies/goodson-thermal-paper-roll-bpa-free-57-x-57-x-12mm-box-50-7112732-14603039--1,paper-supplies
https://www.officenational.com.au/shop/en/onesolution/paper-supplies/goodson-plain-bond-paper-roll-57-x-57-x-12mm-box-24-7112719-14589352--1,paper-supplies
https://www.officenational.com.au/shop/en/onesolution/paper-supplies/goodson-thermal-paper-roll-bpa-free-80-x-80-x-12mm-box-24-7112733-14589353--1,paper-supplies
https://www.officenational.com.au/shop/en/onesolution/paper-supplies/goodson-plain-bond-paper-roll-57-x-57-x-12mm-box-50-7112720-14602553--1,paper-supplies
https://www.officenational.com.au/shop/en/onesolution/paper-supplies/goodson-economy-thermal-paper-roll-80-x-80-x-12mm-box-24-7112734-14589354--1,paper-supplies
https://www.officenational.com.au/shop/en/onesolution/paper-supplies/goodson-plain-bond-paper-roll-76-x-76-x-12mm-box-48-7112721-14589355--1,paper-supplies
https://www.officenational.com.au/shop/en/onesolution/paper-supplies/goodson-thermal-paper-roll-bpa-free-57-x-45-x-12mm-box-50-7112731-14590305--1,paper-supplies
https://www.officenational.com.au/shop/en/onesolution/paper-supplies/goodson-premium-thermal-paper-roll-80-x-80-x-12mm-box-48-7112737-14590306--1,paper-supplies
https://www.officenational.com.au/shop/en/onesolution/paper-supplies/goodson-thermal-paper-roll-57-x-36-x-12mm-box-50-7112725-14593816--1,paper-supplies
https://www.officenational.com.au/shop/en/onesolution/paper-supplies/goodson-thermal-paper-roll-bpa-free-57-x-36-x-8mm-box-50-7112730-14603038--1,paper-supplies
https://www.officenational.com.au/shop/en/onesolution/paper-supplies/goodson-thermal-paper-roll-80-x-80-x-12mm-box-24-7112728-14590304--1,paper-supplies
https://www.officenational.com.au/shop/en/onesolution/paper-supplies/goodson-thermal-paper-roll-57-x-45-x-12mm-box-50-7112726-14593817--1,paper-supplies
https://www.officenational.com.au/shop/en/onesolution/paper-supplies/whitebox-cash-register-thermal-rolls-80-x-80-x-12mm-carton-24-7113976-14781865--1,paper-supplies
https://www.officenational.com.au/shop/en/onesolution/paper-supplies/whitebox-cash-register-thermal-rolls-57-x-35-x-12mm-pack-10-7113972-14780413--1,paper-supplies
https://www.officenational.com.au/shop/en/onesolution/paper-supplies/whitebox-cash-register-thermal-rolls-57-x-37-x-12mm-pack-10-7113973-14782424--1,paper-supplies
https://www.officenational.com.au/shop/en/onesolution/paper-supplies/whitebox-cash-register-thermal-rolls-57-x-45-x-12mm-pack-10-7113974-14782426--1,paper-supplies
https://www.officenational.com.au/shop/en/onesolution/paper-supplies/whitebox-cash-register-thermal-rolls-57-x-57-x-12mm-pack-8-7113975-14782428--1,paper-supplies
https://www.officenational.com.au/shop/en/onesolution/paper-supplies/alliance-paper-thermal-roll-bpa-free-80-x-80-x-25-mm-carton-50-7115762,paper-supplies
https://www.officenational.com.au/shop/en/onesolution/paper-supplies/alliance-paper-thermal-roll-extra-length-bpa-free-80-x-80-x-17-mm-carton-30-7115765,paper-supplies
https://www.officenational.com.au/shop/en/onesolution/paper-supplies/alliance-paper-thermal-roll-80-x-80-x-17-mm-bpa-free-carton-24-7115766,paper-supplies
https://www.officenational.com.au/shop/en/onesolution/paper-supplies/alliance-paper-thermal-roll-bpa-free-57-x-40-x-12mm-pack-50-7115760,paper-supplies
https://www.officenational.com.au/shop/en/onesolution/paper-supplies/alliance-paper-thermal-roll-bpa-free-80-x-80-x-17mm-carton-24-7115764,paper-supplies
https://www.officenational.com.au/shop/en/onesolution/paper-supplies/alliance-paper-thermal-roll-bpa-free-57-x-57-x-12-mm-ctn-50-7115767,paper-supplies
https://www.officenational.com.au/shop/en/onesolution/paper-supplies/alliance-paper-thermal-roll-bpa-free-80-x-80-x-17mm-carton-50-7115763,paper-supplies
https://www.officenational.com.au/shop/en/onesolution/paper-supplies/alliance-paper-thermal-roll-bpa-free-76-x-76-x-12-mm-carton-50-7115761,paper-supplies
https://www.officenational.com.au/shop/en/onesolution/paper-supplies/alliance-paper-cash-register-roll-thermal-57-x-35-x-12mm-white-box-20-7036743,paper-supplies
https://www.officenational.com.au/shop/en/onesolution/paper-supplies/initiative-calculator-roll-lint-free-57-x-57-x-115mm-pack-8-7070140,paper-supplies
https://www.officenational.com.au/shop/en/onesolution/paper-supplies/avery-70450-ij39-leathergrain-business-cards-micro-perforated-205gsm-pack-200-7003231,paper-supplies
https://www.officenational.com.au/shop/en/onesolution/paper-supplies/avery-959025-l7414-laser-inkjet-business-cards-microperforated-matt-150gsm-pack-200-7011904,paper-supplies
https://www.officenational.com.au/shop/en/onesolution/paper-supplies/avery-959026-l7415-laser-inkjet-business-cards-microperforated-matt-150gsm-pack-1000-7007490,paper-supplies
https://www.officenational.com.au/shop/en/onesolution/paper-supplies/colourful-white-pasteboard-a4-4-sheet-pack-50-7006723,paper-supplies
https://www.officenational.com.au/shop/en/onesolution/paper-supplies/colourful-white-pasteboard-508-x-635mm-3-sheet-pack-100-7011190,paper-supplies
https://www.officenational.com.au/shop/en/onesolution/paper-supplies/rainbow-spectrum-board-a4--assorted-pack-100-7030191,paper-supplies
https://www.officenational.com.au/shop/en/onesolution/paper-supplies/rainbow-spectrum-board-a4--black-pack-100-7030192,paper-supplies
https://www.officenational.com.au/shop/en/onesolution/paper-supplies/rainbow-spectrum-board-a4--white-pack-100-7030212,paper-supplies
https://www.officenational.com.au/shop/en/onesolution/paper-supplies/initiative-cover-paper-125gsm-a4-15-colour-assorted-pack-500-7038215,paper-supplies
https://www.officenational.com.au/shop/en/onesolution/paper-supplies/initiative-cover-paper-125gsm-a3-15-colour-assorted-pack-500-7038216,paper-supplies
https://www.officenational.com.au/shop/en/onesolution/paper-supplies/sihl-3331-truecolor-matte-paper-100-gsm-610mm-x-45m-7049940,paper-supplies
https://www.officenational.com.au/shop/en/onesolution/paper-supplies/sihl-3331-truecolor-matte-paper-100-gsm-914mm-x-45m-7049941,paper-supplies
https://www.officenational.com.au/shop/en/onesolution/paper-supplies/rainbow-system-board-200gsm-a4-white-pack-200-7096988,paper-supplies
https://www.officenational.com.au/shop/en/onesolution/paper-supplies/rainbow-spectrum-board-220gsm-a4-pastel-assorted-pack-100-7105736,paper-supplies
https://www.officenational.com.au/shop/en/onesolution/paper-supplies/rainbow-spectrum-board-220gsm-a4-bright-assorted-pack-100-7105735,paper-supplies
https://www.officenational.com.au/shop/en/onesolution/paper-supplies/avery-936230-c32026-quick-clean-satin-white-colour-laser-double-sided-business-card-pkt100-7004085,paper-supplies
https://www.officenational.com.au/shop/en/onesolution/paper-supplies/avery-959078-c32011-quick-clean-business-cards-laser-and-inkjet-200gsm-pack-250-7007743,paper-supplies
https://www.officenational.com.au/shop/en/onesolution/paper-supplies/quill-97800-core-flute-5mm-500-x-770-black-7023909,paper-supplies
https://www.officenational.com.au/shop/en/onesolution/paper-supplies/quill-97810-core-flute-5mm-500-x-770-white-7023910,paper-supplies
https://www.officenational.com.au/shop/en/onesolution/paper-supplies/quill-06103-metallique-board-285gsm-a4-mother-of-pearl-pack-25-7043099,paper-supplies
https://www.officenational.com.au/shop/en/onesolution/paper-supplies/quill-06085-parchment-card-176gsm-natural-pack-50-7043107,paper-supplies
https://www.officenational.com.au/shop/en/onesolution/paper-supplies/quill-06102-metallique-board-285gsm-a4-autumn-gold-pack-25-7043096,paper-supplies
https://www.officenational.com.au/shop/en/onesolution/paper-supplies/quill-06101-metallique-board-285gsm-a4-silver-shadow-pack-25-7043102,paper-supplies
https://www.officenational.com.au/shop/en/onesolution/paper-supplies/quill-06093-parchment-card-176gsm-blue-pack-50-7043104,paper-supplies
https://www.officenational.com.au/shop/en/onesolution/paper-supplies/quill-06105-metallique-board-285gsm-a4-peridot-pack-25-7043100,paper-supplies
https://www.officenational.com.au/shop/en/onesolution/paper-supplies/quill-06095-parchment-card-176gsm-gunmetal-pack-50-7043106,paper-supplies
https://www.officenational.com.au/shop/en/onesolution/paper-supplies/quill-06080-parchment-card-176gsm-white-pack-50-7043109,paper-supplies
https://www.officenational.com.au/shop/en/onesolution/paper-supplies/quill-06106-metallique-board-285gsm-a4-moonstone-pack-25-7043098,paper-supplies
https://www.officenational.com.au/shop/en/onesolution/paper-supplies/rainbow-cover-paper-fsc-certification-125-gsm-a4--assorted-pack-250-7046868i--1,paper-supplies
https://www.officenational.com.au/shop/en/onesolution/paper-supplies/rainbow-cover-paper-fsc-certification-125gsm-a4-assorted-pack-300-7047221--1,paper-supplies
https://www.officenational.com.au/shop/en/onesolution/paper-supplies/cumberland-tissue-paper-17gsm-440-x-690mm-white-pack-100-7052179--1,paper-supplies
https://www.officenational.com.au/shop/en/onesolution/paper-supplies/quill-90323-xl-multiboard-210gsm-a4-assorted-brights-pack-50-7038065--1,paper-supplies
https://www.officenational.com.au/shop/en/onesolution/paper-supplies/quill-90315-xl-multiboard-a4-210gsm-grey-pack-50-7022684--1,paper-supplies
https://www.officenational.com.au/shop/en/onesolution/paper-supplies/quill-90302-xl-multiboard-210gsm-a4-marine-blue-pack-50-7038360--1,paper-supplies
https://www.officenational.com.au/shop/en/onesolution/paper-supplies/quill-90346-xl-multiboard-a4-210gsm-white-pack-100-7020509,paper-supplies
https://www.officenational.com.au/shop/en/onesolution/paper-supplies/quill-90340-xl-multiboard-210gsm-a4-black-pack-100-7038364--1,paper-supplies
https://www.officenational.com.au/shop/en/onesolution/paper-supplies/quill-90324-xl-multiboard-210gsm-a4-assorted-pastels-pack-50-7038066--1,paper-supplies
https://www.officenational.com.au/shop/en/onesolution/paper-supplies/quill-90313-xl-multiboard-210gsm-a4-musk-pack-50-7038063--1,paper-supplies
https://www.officenational.com.au/shop/en/onesolution/paper-supplies/quill-90218-xl-multiboard-210gsm-510x635mm-sunshine-pack-20-7038613--1,paper-supplies
https://www.officenational.com.au/shop/en/onesolution/paper-supplies/quill-90207-xl-multiboard-210gsm-lime-510x635mm-lime-pack-20-7038614--1,paper-supplies
https://www.officenational.com.au/shop/en/onesolution/paper-supplies/quill-90213-xl-multiboard-210gsm-510-x-635mm-210gsm-musk-pink-pack-20-7038616--1,paper-supplies
https://www.officenational.com.au/shop/en/onesolution/paper-supplies/quill-90307-xl-multiboard-210gsm-a4-lime-pack-50-7038061--1,paper-supplies
https://www.officenational.com.au/shop/en/onesolution/paper-supplies/quill-90402-board-xl-a3-210gsm-red-pack-25-7047803--1,paper-supplies
https://www.officenational.com.au/shop/en/onesolution/paper-supplies/quill-90345-xl-multiboard-surface-board-210gsm-a4-black-pack-50-7038067--1,paper-supplies
https://www.officenational.com.au/shop/en/onesolution/paper-supplies/quill-90216-xl-multiboard-210gsm-510-x-635mm-lilac-pack-20-7038615--1,paper-supplies
https://www.officenational.com.au/shop/en/onesolution/paper-supplies/quill-90376-xl-multiboard-a4-210gsm-cold-assorted-pack-50-7045542--1,paper-supplies
https://www.officenational.com.au/shop/en/onesolution/paper-supplies/quill-90304-xl-multiboard-210gsm-a4-powder-blue-pack-50-7038060--1,paper-supplies
https://www.officenational.com.au/shop/en/onesolution/paper-supplies/quill-90375-xl-multiboard-a4-210gsm-hot-assorted-pack-50-7045543--1,paper-supplies
https://www.officenational.com.au/shop/en/onesolution/paper-supplies/quill-06303-linen-bond-board-a4-216gsm-white-pack-25-7049630--1,paper-supplies
https://www.officenational.com.au/shop/en/onesolution/paper-supplies/quill-90320-xl-multiboard-210gsm-a4-cream-pack-50-7038356--1,paper-supplies
https://www.officenational.com.au/shop/en/onesolution/paper-supplies/quill-90306-xl-multiboard-210gsm-a4-emerald-pack-50-7038363--1,paper-supplies
https://www.officenational.com.au/shop/en/onesolution/paper-supplies/brenex-xl-multiboard-a4-210gsm-red-pack-50-7020213--1,paper-supplies
https://www.officenational.com.au/shop/en/onesolution/paper-supplies/quill-90319-xl-multiboard-a4-210gsm-lemon-pack-50-7040869--1,paper-supplies
https://www.officenational.com.au/shop/en/onesolution/paper-supplies/quill-90311-xl-multiboard-a4-210gsm-orange-pack-50-7024380--1,paper-supplies
https://www.officenational.com.au/shop/en/onesolution/paper-supplies/quill-06701-leathergrain-paper-a4-100gsm-white-pack-100-7035545--1,paper-supplies
https://www.officenational.com.au/shop/en/onesolution/paper-supplies/quill-vellum-translucent-paper-a4-white-pack-25-7056295,paper-supplies
https://www.officenational.com.au/shop/en/onesolution/paper-supplies/rainbow-system-board-150gsm-a4-pink-pack-100-7057004,paper-supplies
https://www.officenational.com.au/shop/en/onesolution/paper-supplies/rainbow-system-board-150gsm-a4-buff-pack-100-7057003,paper-supplies
https://www.officenational.com.au/shop/en/onesolution/paper-supplies/quill-foil-board-250gsm-508x630mm-assorted-colours-pack-50-7070189,paper-supplies
https://www.officenational.com.au/shop/en/onesolution/paper-supplies/quill-foil-board-250gsm-510x635mm-silver-7070192,paper-supplies
https://www.officenational.com.au/shop/en/onesolution/paper-supplies/sihl-3332-truecolour-paper-120gsm-matt-610mm-x-30m-7075327,paper-supplies
https://www.officenational.com.au/shop/en/onesolution/paper-supplies/sihl-3334-truecolour-paper-160gsm-matt-914mm-x-30m-7075330,paper-supplies
https://www.officenational.com.au/shop/en/onesolution/paper-supplies/sihl-3294-ivorycolour-paper-210gsm-1067mm-x-30m-7075325,paper-supplies
https://www.officenational.com.au/shop/en/onesolution/paper-supplies/rainbow-parchment-paper-a4-90gsm-natural-pack-100-7074610,paper-supplies
https://www.officenational.com.au/shop/en/onesolution/paper-supplies/rainbow-parchment-board-a4-180gsm-sage-pack-50-7074612,paper-supplies
https://www.officenational.com.au/shop/en/onesolution/paper-supplies/rainbow-parchment-board-a4-180gsm-white-pack-50-7074614,paper-supplies
https://www.officenational.com.au/shop/en/onesolution/paper-supplies/rainbow-parchment-board-a4-180gsm-natural-pack-50-7074615,paper-supplies
https://www.officenational.com.au/shop/en/onesolution/paper-supplies/rainbow-parchment-paper-a4-90gsm-blue-pack-100-7074608,paper-supplies
https://www.officenational.com.au/shop/en/onesolution/paper-supplies/rainbow-parchment-paper-a4-90gsm-sage-pack-100-7074607,paper-supplies
https://www.officenational.com.au/shop/en/onesolution/paper-supplies/rainbow-parchment-board-a4-180gsm-blue-pack-50-7074613,paper-supplies
https://www.officenational.com.au/shop/en/onesolution/paper-supplies/rainbow-parchment-paper-a4-90gsm-white-pack-100-7074609,paper-supplies
https://www.officenational.com.au/shop/en/onesolution/paper-supplies/jasart-cover-paper-125gsm-a4-assorted-pack-500-7048684--1,paper-supplies
https://www.officenational.com.au/shop/en/onesolution/paper-supplies/rainbow-tissue-paper-17-gsm-500-x-750mm-yellow-pack-5-7051641,paper-supplies
https://www.officenational.com.au/shop/en/onesolution/paper-supplies/rainbow-tissue-paper-17-gsm-500-x-750mm-black-pack-5-7051640,paper-supplies
https://www.officenational.com.au/shop/en/onesolution/paper-supplies/rainbow-tracing-paper-90gsm-a4-pack-100-7046873--1,paper-supplies
https://www.officenational.com.au/shop/en/onesolution/paper-supplies/canon-plotter-paper-610mm-x-50m-white-a1-box-4-rolls-7051233,paper-supplies
https://www.officenational.com.au/shop/en/onesolution/paper-supplies/rainbow-tracing-paper-90gsm-a3-pack-100-7046874--1,paper-supplies
https://www.officenational.com.au/shop/en/onesolution/paper-supplies/jasart-cover-paper-125gsm-a4-red-pack-500-7049116--1,paper-supplies
https://www.officenational.com.au/shop/en/onesolution/paper-supplies/rainbow-tissue-paper-acid-free-17gsm-500m-x-750mm-red-pack-5-7052026,paper-supplies
https://www.officenational.com.au/shop/en/onesolution/paper-supplies/jasart-cover-paper-125gsm-a4-black-pack-500-7049108--1,paper-supplies
https://www.officenational.com.au/shop/en/onesolution/paper-supplies/epson-singleweight-matte-inkjet-paper-roll-17in-x-1317ft-white-7091060--1,paper-supplies
https://www.officenational.com.au/shop/en/onesolution/paper-supplies/epson-premium-semigloss-photo-inkjet-paper-roll-24in-x-100ft-white-7091068--1,paper-supplies
https://www.officenational.com.au/shop/en/onesolution/paper-supplies/epson-premium-semigloss-photo-inkjet-paper-roll-36in-x-100ft-white-7091069--1,paper-supplies
https://www.officenational.com.au/shop/en/onesolution/paper-supplies/epson-doubleweight-matte-paper-roll-24in-x-82ft-white-7091063--1,paper-supplies
https://www.officenational.com.au/shop/en/onesolution/paper-supplies/epson-premium-glossy-inkjet-paper-roll-24in-x-100ft-white-7091066--1,paper-supplies
https://www.officenational.com.au/shop/en/onesolution/paper-supplies/epson-enhanced-adhesive-synthetic-inkjet-paper-roll-44in-x-100ft-white-7091070--1,paper-supplies
https://www.officenational.com.au/shop/en/onesolution/paper-supplies/epson-singleweight-matte-inkjet-paper-roll-24in-x-1317ft-white-7091061--1,paper-supplies
https://www.officenational.com.au/shop/en/onesolution/paper-supplies/epson-doubleweight-matte-paper-roll-36in-x-82ft-white-7091064--1,paper-supplies
https://www.officenational.com.au/shop/en/onesolution/paper-supplies/epson-premium-glossy-inkjet-paper-roll-165in-x-100ft-white-7091065--1,paper-supplies
https://www.officenational.com.au/shop/en/onesolution/paper-supplies/epson-premium-semigloss-photo-inkjet-paper-roll-165in-x-100ft-white-7091067--1,paper-supplies
https://www.officenational.com.au/shop/en/onesolution/paper-supplies/epson-singleweight-matte-inkjet-paper-roll-36in-x-1317ft-white-7091062--1,paper-supplies
https://www.officenational.com.au/shop/en/onesolution/paper-supplies/epson-enhanced-adhesive-synthetic-inkjet-paper-roll-24in-x-100ft-white-7091071--1,paper-supplies
https://www.officenational.com.au/shop/en/onesolution/paper-supplies/rainbow-pasteboard-510-x-640mm-pack-50-7096393,paper-supplies
https://www.officenational.com.au/shop/en/onesolution/paper-supplies/rainbow-pasteboard-250gsm-510-x-320mm-pack-50-7096392,paper-supplies
https://www.officenational.com.au/shop/en/onesolution/paper-supplies/rainbow-system-board-150gsm-a4-blue-pack-100-7037533-12280556--1,paper-supplies
https://www.officenational.com.au/shop/en/onesolution/paper-supplies/rainbow-system-board-150gsm-a4-green-pack-100-7037534-12280088--1,paper-supplies
https://www.officenational.com.au/shop/en/onesolution/paper-supplies/rainbow-system-board-150gsm-a4-yellow-pack-100-7036879-12281135--1,paper-supplies
https://www.officenational.com.au/shop/en/onesolution/paper-supplies/rainbow-system-board-200gsm-a4-yellow-pack-200-7037498-12281140--1,paper-supplies
https://www.officenational.com.au/shop/en/onesolution/paper-supplies/rainbow-system-board-200gsm-a4-blue-pack-200-7102700,paper-supplies
https://www.officenational.com.au/shop/en/onesolution/paper-supplies/rainbow-system-board-200gsm-a4-pink-pack-200-7102704,paper-supplies
https://www.officenational.com.au/shop/en/onesolution/paper-supplies/rainbow-system-board-200gsm-a4-buff-pack-200-7102701,paper-supplies
https://www.officenational.com.au/shop/en/onesolution/paper-supplies/rainbow-system-board-200gsm-a4-gold-pack-200-7102702,paper-supplies
https://www.officenational.com.au/shop/en/onesolution/paper-supplies/rainbow-system-board-200gsm-a4-green-pack-200-7102703,paper-supplies
https://www.officenational.com.au/shop/en/onesolution/paper-supplies/colourful-days-white-pasteboard-200gsm-508-x-635mm-4-sheet-pack-100-7010975,paper-supplies
https://www.officenational.com.au/shop/en/onesolution/paper-supplies/rainbow-system-board-150gsm-a4-sunshine-yellow-pack-100-7105763,paper-supplies
https://www.officenational.com.au/shop/en/onesolution/paper-supplies/rainbow-system-board-150gsm-a4-pastel-assorted-pack-100-7105758,paper-supplies
https://www.officenational.com.au/shop/en/onesolution/paper-supplies/rainbow-system-board-150gsm-a4-orange-pack-100-7105761,paper-supplies
https://www.officenational.com.au/shop/en/onesolution/paper-supplies/rainbow-system-board-150gsm-a4-hot-pink-pack-100-7105759,paper-supplies
https://www.officenational.com.au/shop/en/onesolution/paper-supplies/rainbow-system-board-150gsm-a4-bright-assorted-pack-100-7105757,paper-supplies
https://www.officenational.com.au/shop/en/onesolution/paper-supplies/rainbow-system-board-150gsm-a4-red-pack-100-7105762,paper-supplies
https://www.officenational.com.au/shop/en/onesolution/paper-supplies/rainbow-system-board-150gsm-a4-turquoise-pack-100-7105764,paper-supplies
https://www.officenational.com.au/shop/en/onesolution/paper-supplies/rainbow-system-board-150gsm-a4-mint-pack-100-7105760,paper-supplies
https://www.officenational.com.au/shop/en/onesolution/paper-supplies/canon-a1-large-format-bond-paper-roll-80gsm-610mm-x-100m-white-7107548,paper-supplies
https://www.officenational.com.au/shop/en/onesolution/paper-supplies/canon-a1-large-format-bond-paper-roll-80gsm-610mm-x-50m-white-7107549,paper-supplies
https://www.officenational.com.au/shop/en/onesolution/paper-supplies/canon-a1-large-format-bond-paper-roll-80gsm-594mm-x-100m-white-box-2-7107557,paper-supplies
https://www.officenational.com.au/shop/en/onesolution/paper-supplies/canon-a1-large-format-bond-paper-roll-80gsm-594mm-x-50m-white-box-4-7107558,paper-supplies
https://www.officenational.com.au/shop/en/onesolution/paper-supplies/canon-a0-large-format-bond-paper-roll-80gsm-841mm-x-100m-white-box-2-7107559,paper-supplies
https://www.officenational.com.au/shop/en/onesolution/paper-supplies/canon-a0-large-format-bond-paper-roll-80gsm-841mm-x-50m-white-box-4-7107560,paper-supplies
https://www.officenational.com.au/shop/en/onesolution/paper-supplies/canon-a0-large-format-bond-paper-roll-80gsm-914mm-x-100m-white-7107550,paper-supplies
https://www.officenational.com.au/shop/en/onesolution/paper-supplies/canon-a0-large-format-bond-paper-roll-80gsm-914mm-x-50m-white-7107551,paper-supplies
https://www.officenational.com.au/shop/en/onesolution/paper-supplies/plush-acid-free-tissue-paper-18gsm-500-x-750mm-pack-480-white-7108629,paper-supplies
https://www.officenational.com.au/shop/en/onesolution/paper-supplies/canon-a0-large-format-bond-paper-roll-260gsm-914mm-x-305m-luster-white-7109482,paper-supplies
https://www.officenational.com.au/shop/en/onesolution/paper-supplies/canon-a1-large-format-bond-paper-roll-260gsm-610mm-x-305m-luster-white-7109481,paper-supplies
https://www.officenational.com.au/shop/en/onesolution/paper-supplies/canon-a1-large-format-bond-paper-roll-210gsm-610mm-x-305m-matt-white-7109479,paper-supplies
https://www.officenational.com.au/shop/en/onesolution/paper-supplies/canon-a0-large-format-bond-paper-roll-210gsm-914mm-x-305m-matt-white-7109480,paper-supplies
https://www.officenational.com.au/shop/en/onesolution/paper-supplies/rainbow-cover-paper-125gsm-510-x-760mm-black-250-sheets-7109909-14322085--1,paper-supplies
https://www.officenational.com.au/shop/en/onesolution/paper-supplies/rainbow-cover-paper-125gsm-255-x-380mm-black-500-sheets-7109907-14313387--1,paper-supplies
https://www.officenational.com.au/shop/en/onesolution/paper-supplies/rainbow-cover-paper-125gsm-380-x-510mm-black-500-sheets-7109908-14322533--1,paper-supplies
https://www.officenational.com.au/shop/en/onesolution/paper-supplies/epson-s041642-premium-semigloss-photo-inkjet-paper-roll-260gsm-914mm-x-305m-white-7111704,paper-supplies
https://www.officenational.com.au/shop/en/onesolution/paper-supplies/epson-s042004-proofing-paper-semimatte-610mm-x-305m-white-7111876,paper-supplies
https://www.officenational.com.au/shop/en/onesolution/paper-supplies/quill-colourboard-210gsm-510mm-x-635mm-pastel-green-7113225-14710998--1,paper-supplies
https://www.officenational.com.au/shop/en/onesolution/paper-supplies/quill-colourboard-210gsm-a4-bright-assorted-pack-100-7113228-14711353--1,paper-supplies
https://www.officenational.com.au/shop/en/onesolution/paper-supplies/quill-cover-paper-125gsm-a4-earth-tones-assorted-pack-100-7113231-14711354--1,paper-supplies
https://www.officenational.com.au/shop/en/onesolution/paper-supplies/quill-colourboard-210gsm-a3-pastel-peach-7113222-14711357--1,paper-supplies
https://www.officenational.com.au/shop/en/onesolution/paper-supplies/quill-colourboard-210gsm-510mm-x-635mm-natural-7113224-14700905--1,paper-supplies
https://www.officenational.com.au/shop/en/onesolution/paper-supplies/quill-colourboard-210gsm-510mm-x-635mm-maroon-7113223-14700471--1,paper-supplies
https://www.officenational.com.au/shop/en/onesolution/paper-supplies/colourful-days-colourboard-200gsm-a4-black-pack-25-7112907,paper-supplies
https://www.officenational.com.au/shop/en/onesolution/paper-supplies/colourful-days-colourboard-200gsm-510-x-640-turquoise-7112902,paper-supplies
https://www.officenational.com.au/shop/en/onesolution/paper-supplies/colourful-days-colourboard-200gsm-a4-cool-assorted-colours-pack-25-7112909,paper-supplies
https://www.officenational.com.au/shop/en/onesolution/paper-supplies/colourful-days-colourboard-200gsm-510-x-640-cherry-7112948,paper-supplies
https://www.officenational.com.au/shop/en/onesolution/paper-supplies/colourful-days-colourboard-200gsm-510-x-640-green-7112949,paper-supplies
https://www.officenational.com.au/shop/en/onesolution/paper-supplies/colourful-days-colourboard-200gsm-510-x-640-cream-7112899,paper-supplies
https://www.officenational.com.au/shop/en/onesolution/paper-supplies/colourful-days-colourboard-200gsm-a3-cream-pack-25-7112955,paper-supplies
https://www.officenational.com.au/shop/en/onesolution/paper-supplies/colourful-days-colourboard-200gsm-a3-green-pack-25-7112905,paper-supplies
https://www.officenational.com.au/shop/en/onesolution/paper-supplies/colourful-days-colourboard-200gsm-a4-warm-assorted-colours-pack-25-7112918,paper-supplies
https://www.officenational.com.au/shop/en/onesolution/paper-supplies/colourful-days-colourboard-200gsm-510-x-640-marine-blue-7112900,paper-supplies
https://www.officenational.com.au/shop/en/onesolution/paper-supplies/colourful-days-colourboard-200gsm-510-x-640-white-7112903,paper-supplies
https://www.officenational.com.au/shop/en/onesolution/paper-supplies/colourful-days-colourboard-200gsm-a3-lilac-pack-25-7112956,paper-supplies
https://www.officenational.com.au/shop/en/onesolution/paper-supplies/colourful-days-colourboard-200gsm-a4-green-pack-25-7112911,paper-supplies
https://www.officenational.com.au/shop/en/onesolution/paper-supplies/colourful-days-colourboard-200gsm-a4-marine-blue-pack-25-7112914,paper-supplies
https://www.officenational.com.au/shop/en/onesolution/paper-supplies/colourful-days-colourboard-200gsm-a3-orange-pack-25-7112958,paper-supplies
https://www.officenational.com.au/shop/en/onesolution/paper-supplies/colourful-days-colourboard-200gsm-510-x-640-pink-7112901,paper-supplies
https://www.officenational.com.au/shop/en/onesolution/paper-supplies/colourful-days-colourboard-200gsm-a4-orange-pack-25-7112915,paper-supplies
https://www.officenational.com.au/shop/en/onesolution/paper-supplies/colourful-days-colourboard-200gsm-a4-cherry-pack-25-7112908,paper-supplies
https://www.officenational.com.au/shop/en/onesolution/paper-supplies/colourful-days-colourboard-200gsm-a3-lemon-pack-25-7112906,paper-supplies
https://www.officenational.com.au/shop/en/onesolution/paper-supplies/colourful-days-colourboard-200gsm-510-x-640-black-7112898,paper-supplies
https://www.officenational.com.au/shop/en/onesolution/paper-supplies/colourful-days-colourboard-200gsm-a4-lilac-pack-25-7112913,paper-supplies
https://www.officenational.com.au/shop/en/onesolution/paper-supplies/colourful-days-colourboard-200gsm-a4-pink-pack-25-7112916,paper-supplies
https://www.officenational.com.au/shop/en/onesolution/paper-supplies/colourful-days-colourboard-200gsm-a3-pink-pack-25-7112959,paper-supplies
https://www.officenational.com.au/shop/en/onesolution/paper-supplies/colourful-days-colourboard-200gsm-510-x-640-orange-7112952,paper-supplies
https://www.officenational.com.au/shop/en/onesolution/paper-supplies/colourful-days-colourboard-200gsm-a3-black-pack-25-7112953,paper-supplies
https://www.officenational.com.au/shop/en/onesolution/paper-supplies/colourful-days-colourboard-200gsm-a3-marine-blue-pack-25-7112957,paper-supplies
https://www.officenational.com.au/shop/en/onesolution/paper-supplies/colourful-days-colourboard-200gsm-a3-cool-pack-25-7112954,paper-supplies
https://www.officenational.com.au/shop/en/onesolution/paper-supplies/colourful-days-colourboard-200gsm-a3-cherry-pack-25-7112904,paper-supplies
https://www.officenational.com.au/shop/en/onesolution/paper-supplies/colourful-days-colourboard-200gsm-a3-turquoise-pack-25-7112960,paper-supplies
https://www.officenational.com.au/shop/en/onesolution/paper-supplies/colourful-days-colourboard-200gsm-a4-cream-pack-25-7112910,paper-supplies
https://www.officenational.com.au/shop/en/onesolution/paper-supplies/colourful-days-colourboard-200gsm-510-x-640-lemon-7112950,paper-supplies
https://www.officenational.com.au/shop/en/onesolution/paper-supplies/colourful-days-colourboard-200gsm-510-x-640-lilac-7112951,paper-supplies
https://www.officenational.com.au/shop/en/onesolution/paper-supplies/colourful-days-colourboard-200gsm-a4-lemon-pack-25-7112912,paper-supplies
https://www.officenational.com.au/shop/en/onesolution/paper-supplies/colourful-days-colourboard-200gsm-a4-turquoise-pack-25-7112917,paper-supplies
https://www.officenational.com.au/shop/en/onesolution/paper-supplies/colourful-days-colourboard-200gsm-a4-white-pack-25-7112919,paper-supplies
https://www.officenational.com.au/shop/en/onesolution/paper-supplies/quill-colourboard-210gsm-a4-earth-tone-assorted-pack-100-7113229-14711001--1,paper-supplies
https://www.officenational.com.au/shop/en/onesolution/paper-supplies/quill-fluroboard-230gsm-a3-assorted-pack-5-7113232-14711857--1,paper-supplies
https://www.officenational.com.au/shop/en/onesolution/paper-supplies/quill-colourboard-210gsm-a4-pastel-assorted-pack-100-7113230-14700458--1,paper-supplies
https://www.officenational.com.au/shop/en/onesolution/paper-supplies/quill-colourboard-210gsm-510mm-x-635mm-pastel-peach-7113226-14710999--1,paper-supplies
https://www.officenational.com.au/shop/en/onesolution/paper-supplies/quill-paper-80gsm-a4-brights-assorted-pack-100-7113233-14700906--1,paper-supplies
https://www.officenational.com.au/shop/en/onesolution/paper-supplies/quill-colourboard-210gsm-a3-pastel-green-7113221-14711356--1,paper-supplies
https://www.officenational.com.au/shop/en/onesolution/paper-supplies/quill-paper-80gsm-a4-pastels-assorted-pack-100-7113234-14700907--1,paper-supplies
https://www.officenational.com.au/shop/en/onesolution/paper-supplies/quill-tracing-paper-100gsm-a4-white-pack-100-7113852,paper-supplies
https://www.officenational.com.au/shop/en/onesolution/paper-supplies/quill-flute-board-a3-assorted-pack-5-7113849,paper-supplies
https://www.officenational.com.au/shop/en/onesolution/paper-supplies/quill-glitter-paper-a3-assorted-pack-5-7113847,paper-supplies
https://www.officenational.com.au/shop/en/onesolution/paper-supplies/quill-tracing-paper-100gsm-a3-white-pack-100-7113853,paper-supplies
https://www.officenational.com.au/shop/en/onesolution/paper-supplies/quill-tracing-paper-100gsm-508-x-762mm-white-pack-5-7113854,paper-supplies
https://www.officenational.com.au/shop/en/onesolution/paper-supplies/quill-foil-board-a3-assorted-pack-5-7113848,paper-supplies
https://www.officenational.com.au/shop/en/onesolution/paper-supplies/quill-tracing-paper-60gsm-508-x-762mm-white-pack-5-7113855,paper-supplies
https://www.officenational.com.au/shop/en/onesolution/paper-supplies/rainbow-system-board-150gsm-a4-white-pack-250-7115871-15330346--1,paper-supplies
https://www.officenational.com.au/shop/en/onesolution/paper-supplies/rainbow-cover-paper-125gsmm-a3-assorted-pack-500-7115874-15330886--1,paper-supplies
https://www.officenational.com.au/shop/en/onesolution/paper-supplies/rainbow-cover-paper-125gsm-a2-assorted-pack-500-7115866-15330368--1,paper-supplies
https://www.officenational.com.au/shop/en/onesolution/paper-supplies/rainbow-cover-paper-125gsmm-a4-assorted-pack-500-7115873-15331903--1,paper-supplies
https://www.officenational.com.au/shop/en/onesolution/paper-supplies/rainbow-cover-paper-125gsm-a4-grey-pack-100-7116960-15579568--1,paper-supplies
https://www.officenational.com.au/shop/en/onesolution/paper-supplies/rainbow-system-board-150gsm-a4-100-sheets-black-7119500,paper-supplies
https://www.officenational.com.au/shop/en/onesolution/paper-supplies/canon-high-resolution-paper-a4-110gsm-200-sheets-7011601,paper-supplies
https://www.officenational.com.au/shop/en/onesolution/paper-supplies/canon-high-resolution-paper-a4-110gsm-50-sheets-7000278,paper-supplies
https://www.officenational.com.au/shop/en/onesolution/paper-supplies/canon-matt-photo-paper-a4-170gsm-50-sheets-7005344,paper-supplies
https://www.officenational.com.au/shop/en/onesolution/paper-supplies/canon-photo-paper-plus-semigloss-4-x-6-inch-260gsm-20-sheets-7012577,paper-supplies
https://www.officenational.com.au/shop/en/onesolution/paper-supplies/canon-photo-paper-plus-semigloss-a4-260gsm-20-sheets-7004795,paper-supplies
https://www.officenational.com.au/shop/en/onesolution/paper-supplies/epson-premium-glossy-photo-paper-a3-255gsm-20-sheets-7000594,paper-supplies
https://www.officenational.com.au/shop/en/onesolution/paper-supplies/epson-double-sided-matte-inkjet-paper-a4-178gsm-50-sheets-7007405,paper-supplies
https://www.officenational.com.au/shop/en/onesolution/paper-supplies/brother-bp-61gla-glossy-paper-20-sheets-725-gsm-7007737,paper-supplies
https://www.officenational.com.au/shop/en/onesolution/paper-supplies/brother-bp-60ma-matte-paper-25-sheets-145-gsm-7012244,paper-supplies
https://www.officenational.com.au/shop/en/onesolution/paper-supplies/brother-bp-60pa-plain-paper-a4-725-gsm-250-sheets-7004648,paper-supplies
https://www.officenational.com.au/shop/en/onesolution/paper-supplies/epson-paper-photo-quality-paper-a4-102gsm-pack-100-7015705,paper-supplies
https://www.officenational.com.au/shop/en/onesolution/paper-supplies/epson-paper-photo-quality-paper-a3-102gsm-pack-100-7015706,paper-supplies
https://www.officenational.com.au/shop/en/onesolution/paper-supplies/epson-paper-premium-semi-gloss-photo-a4-251gsm-pack-20-7015716,paper-supplies
https://www.officenational.com.au/shop/en/onesolution/paper-supplies/epson-paper-archival-matte-a4-192gsm-pack-50-7015718,paper-supplies
https://www.officenational.com.au/shop/en/onesolution/paper-supplies/epson-paper-archival-matte-a3-192gsm-pack-50-7015719,paper-supplies
https://www.officenational.com.au/shop/en/onesolution/paper-supplies/canon-paper-matte-photo-6-quot%3B-x-4-quot%3B-170gsm-pack-120-7016139,paper-supplies
https://www.officenational.com.au/shop/en/onesolution/paper-supplies/creative-photo-paper-everyday-170gsm-a4-pack-100-7018360,paper-supplies
https://www.officenational.com.au/shop/en/onesolution/paper-supplies/brother-bp-71ga4-paper-a4-premium-plus-glossy-paper-260gsm-pack-20-7018719,paper-supplies
https://www.officenational.com.au/shop/en/onesolution/paper-supplies/brother-bp-71ga3-paper-a3-premium-plus-glossy-paper-260gsm-pack-20-7018720,paper-supplies
https://www.officenational.com.au/shop/en/onesolution/paper-supplies/brother-bp-60ma3-paper-a3-matte-145-gsm-25-pack-7018722,paper-supplies
https://www.officenational.com.au/shop/en/onesolution/paper-supplies/brother-bp-71gp20-paper-6-x-4-premium-plus-glossy-paper-260gsm-pack-20-7018748,paper-supplies
https://www.officenational.com.au/shop/en/onesolution/paper-supplies/canon-lu101a3-luster-photo-paper-a3---20-pages-7042497,paper-supplies
https://www.officenational.com.au/shop/en/onesolution/paper-supplies/epson-glossy-photo-paper-5-x-7-inch--200gsm-pack-20-sheets-7045610,paper-supplies
https://www.officenational.com.au/shop/en/onesolution/paper-supplies/epson-matte-photo-paper-a4-heavy-weight-154gsm-pack-50-sheets-7045611,paper-supplies
https://www.officenational.com.au/shop/en/onesolution/paper-supplies/canon-sg201a3-20-sheets-260-gsm-semi-gloss-photo-paper-7011912,paper-supplies
https://www.officenational.com.au/shop/en/onesolution/paper-supplies/sihl-3372-rocket-photo-paper-satin-914mm-x-30m-7050009,paper-supplies
https://www.officenational.com.au/shop/en/onesolution/paper-supplies/sihl-3371-rocket-photo-paper-gloss-914mm-x-30m-7050006,paper-supplies
https://www.officenational.com.au/shop/en/onesolution/paper-supplies/sihl-3371-rocket-photo-paper-gloss-1067mm-x-30m-7050007,paper-supplies
https://www.officenational.com.au/shop/en/onesolution/paper-supplies/sihl-3507-rocket-photo-paper-250-satin-610mm-x-30m-7050013,paper-supplies
https://www.officenational.com.au/shop/en/onesolution/paper-supplies/canon-matte-photo-paper-a3-170gsm-pack-40-sheets-7052882,paper-supplies
https://www.officenational.com.au/shop/en/onesolution/paper-supplies/canon-luster-photo-paper-260gsm-pack-20-sheets-7038347,paper-supplies
https://www.officenational.com.au/shop/en/onesolution/paper-supplies/epson-inkjet-paper-heavyweight-167gsm-a4-matte-pack-50-7046084--1,paper-supplies
https://www.officenational.com.au/shop/en/onesolution/paper-supplies/epson-s042538-glossy-photo-paper-pack-20-sheets-7038452--1,paper-supplies
https://www.officenational.com.au/shop/en/onesolution/paper-supplies/canon-photo-paper-pro-platinum-6-x-4-inch-300gsm-pack-50-7038350--1,paper-supplies
https://www.officenational.com.au/shop/en/onesolution/paper-supplies/canon-photo-paper-pro-platinum-a4-300gsm-pack-20-7024280--1,paper-supplies
https://www.officenational.com.au/shop/en/onesolution/paper-supplies/canon-photo-paper-pro-platinum-a3-300gsm-pack-10-7038351--1,paper-supplies
https://www.officenational.com.au/shop/en/onesolution/paper-supplies/epson-s042547-premium-glossy-photo-paper-6-x-4-inch-pack-50-sheets-7038451--1,paper-supplies
https://www.officenational.com.au/shop/en/onesolution/paper-supplies/canon-pt101a3-photo-paper-glossy-a3-pack-20-7020583--1,paper-supplies
https://www.officenational.com.au/shop/en/onesolution/paper-supplies/canon-pp301-glossy-photo-paper-4-x-6-inch-265gsm-100-sheets-7054619,paper-supplies
https://www.officenational.com.au/shop/en/onesolution/paper-supplies/canon-gp701-a4-glossy-photo-paper-200gsm-100-sheets-7054613,paper-supplies
https://www.officenational.com.au/shop/en/onesolution/paper-supplies/canon-pp301-glossy-photo-paper-4-x-6-inch-265gsm-20-sheets-7054620,paper-supplies
https://www.officenational.com.au/shop/en/onesolution/paper-supplies/canon-pp301-glossy-photo-paper-4-x-6-inch-265gsm-50-sheets-7054621,paper-supplies
https://www.officenational.com.au/shop/en/onesolution/paper-supplies/canon-pp301-a3-photo-plus-glossy-265gsm-20-sheets-7054625,paper-supplies
https://www.officenational.com.au/shop/en/onesolution/paper-supplies/canon-pp301-a4-photo-plus-glossy-265gsm-20-sheets-7054626,paper-supplies
https://www.officenational.com.au/shop/en/onesolution/paper-supplies/gold-sovereign-photo-paper-a4-inkjet-gloss-230gsm-pack-20-7025213--1,paper-supplies
https://www.officenational.com.au/shop/en/onesolution/paper-supplies/gold-sovereign-photo-paper-a4-inkjet-gloss-180gsm-pack-100-7025212--1,paper-supplies
https://www.officenational.com.au/shop/en/onesolution/paper-supplies/gold-sovereign-photo-paper-inkjet-gloss-6x4-230gsm-pack-20-7025214--1,paper-supplies
https://www.officenational.com.au/shop/en/onesolution/paper-supplies/canon-kc36ip-ink-and-photo-paper-pack-36-7010003,paper-supplies
https://www.officenational.com.au/shop/en/onesolution/paper-supplies/epson-ultra-glossy-photo-paper-pack-50-7056812,paper-supplies
https://www.officenational.com.au/shop/en/onesolution/paper-supplies/epson-premium-glossy-photo-paper-a4-pack-20-7057878,paper-supplies
https://www.officenational.com.au/shop/en/onesolution/paper-supplies/epson-premium-glossy-photo-paper-6x4-inch-pack-50-7057876,paper-supplies
https://www.officenational.com.au/shop/en/onesolution/paper-supplies/canon-kc-18il-selphy-ink-and-card-labels-54-x-86mm-7071903,paper-supplies
https://www.officenational.com.au/shop/en/onesolution/paper-supplies/epson-s041334-premium-semigloss-photo-paper-250gsm-a3-white-pack-20-7072441,paper-supplies
https://www.officenational.com.au/shop/en/onesolution/paper-supplies/canon-glossy-photo-paper-4-x-6-inch-pack-50-7073340,paper-supplies
https://www.officenational.com.au/shop/en/onesolution/paper-supplies/canon-luster-photo-paper-260gsm-a2-pack-25-7077147,paper-supplies
https://www.officenational.com.au/shop/en/onesolution/paper-supplies/canon-hr-101-high-resolution-photo-paper-a3-white-pack-20-7077255,paper-supplies
https://www.officenational.com.au/shop/en/onesolution/paper-supplies/epson-s041340-archival-matte-photo-paper-192gsm-a3-pack-50-7090157,paper-supplies
https://www.officenational.com.au/shop/en/onesolution/paper-supplies/epson-s042536-everyday-glossy-photo-paper-200gsm-a3-pack-20-7090159,paper-supplies
https://www.officenational.com.au/shop/en/onesolution/paper-supplies/epson-s042535-glossy-photo-paper-200gsm-a3-pack-20-7090158,paper-supplies
https://www.officenational.com.au/shop/en/onesolution/paper-supplies/canon-zink-mini-photo-printer-paper-2-x-3-inch-white-pack-50-sheets-7090695--1,paper-supplies
https://www.officenational.com.au/shop/en/onesolution/paper-supplies/epson-premium-luster-photo-paper-a2-white-pack-25-7091094--1,paper-supplies
https://www.officenational.com.au/shop/en/onesolution/paper-supplies/epson-ultra-premium-photo-paper-lustra-240gsm-13-x-19in-white-pack-50-7091072--1,paper-supplies
https://www.officenational.com.au/shop/en/onesolution/paper-supplies/epson-premium-glossy-photo-paper-a2-white-pack-25-7091076--1,paper-supplies
https://www.officenational.com.au/shop/en/onesolution/paper-supplies/epson-s041328-premium-semigloss-photo-paper-251gsm-a3-white-pack-20-7093147,paper-supplies
https://www.officenational.com.au/shop/en/onesolution/paper-supplies/epson-s041464-premium-glossy-photo-paper-255gsm-5-x-7-inch-white-pack-20-7093579,paper-supplies
https://www.officenational.com.au/shop/en/onesolution/paper-supplies/epson-s041069-gloss-photo-paper-102gsm-a3-pack-100-7015707--1,paper-supplies
https://www.officenational.com.au/shop/en/onesolution/paper-supplies/epson-s041079-gloss-photo-paper-102gsm-a2-pack-30-7015708--1,paper-supplies
https://www.officenational.com.au/shop/en/onesolution/paper-supplies/canon-mg-101-magnetic-photo-paper-670gsm-4-x-6-inch-white-pack-5-7091438--1,paper-supplies
https://www.officenational.com.au/shop/en/onesolution/paper-supplies/epson-s042095-versatile-paper-192gsm-enhanced-matte-a2-sheets-pack-50-7097053--1,paper-supplies
https://www.officenational.com.au/shop/en/onesolution/paper-supplies/canon-nl-101-printable-nail-stickers-pack-2-sheets-7097263--1,paper-supplies
https://www.officenational.com.au/shop/en/onesolution/paper-supplies/canon-xs-20l-selphy-square-colour-ink-label-set-20-sheets-7098628--1,paper-supplies
https://www.officenational.com.au/shop/en/onesolution/paper-supplies/canon-pt-101-pro-platinum-photo-paper-300gsm-a2-pack-20-sheets-7101103,paper-supplies
https://www.officenational.com.au/shop/en/onesolution/paper-supplies/canon-pp-301-glossy-photo-paper-265gsm-a3-white-pack-20-7102038,paper-supplies
https://www.officenational.com.au/shop/en/onesolution/paper-supplies/epson-c13s041927-ultra-glossy-photo-paper-300gsm-a4-white-pack-15-7104832,paper-supplies
https://www.officenational.com.au/shop/en/onesolution/paper-supplies/epson-s041338-premium-semigloss-photo-paper-roll-329mm-x-10m-white-7107633-13978526--1,paper-supplies
https://www.officenational.com.au/shop/en/onesolution/paper-supplies/epson-s041845-canvas-signature-worthy-premium-satin-photo-paper-roll-330mm-x-6m-white-7107635-13978528--1,paper-supplies
https://www.officenational.com.au/shop/en/onesolution/paper-supplies/epson-s041378-premium-glossy-photo-paper-roll-329mm-x-10m-white-7107634-13979525--1,paper-supplies
https://www.officenational.com.au/shop/en/onesolution/paper-supplies/epson-s042150-photo-paper-premium-semimatte-white-7114660-14907555--1,paper-supplies
https://www.officenational.com.au/shop/en/onesolution/paper-supplies/quill-metallique-paper-a4-120gsm-silver-shadow-pk-25-7013854,paper-supplies
https://www.officenational.com.au/shop/en/onesolution/paper-supplies/quill-metallique-paper-a4-120gsm-autumn-gold-pk-25-7013855,paper-supplies
https://www.officenational.com.au/shop/en/onesolution/paper-supplies/quill-metallique-paper-a4-120gsm-mother-of-pearl-pk-25-7013856,paper-supplies
https://www.officenational.com.au/shop/en/onesolution/paper-supplies/quill-metallique-paper-a4-120gsm-peridot-pk-25-7013860,paper-supplies
https://www.officenational.com.au/shop/en/onesolution/paper-supplies/quill-metallique-paper-a4-120gsm-moonstone-pk-25-7013861,paper-supplies
https://www.officenational.com.au/shop/en/onesolution/paper-supplies/quill-envelopes-dl-parchment-white-pk-25-7013878,paper-supplies
https://www.officenational.com.au/shop/en/onesolution/paper-supplies/quill-parchment-paper-a4-89gsm-white-pk-100-7013887,paper-supplies
https://www.officenational.com.au/shop/en/onesolution/paper-supplies/quill-parchment-paper-a4-89gsm-natural-pk-100-7013889,paper-supplies
https://www.officenational.com.au/shop/en/onesolution/paper-supplies/quill-parchment-paper-a4-89gsm-blue-pk-100-7013890,paper-supplies
https://www.officenational.com.au/shop/en/onesolution/paper-supplies/quill-parchment-paper-a4-89gsm-gunmetal-pk-100-7013894,paper-supplies
https://www.officenational.com.au/shop/en/onesolution/paper-supplies/quill-metallique-paper-a4-120gsm-quartz-pack-25-7013859,paper-supplies
https://www.officenational.com.au/shop/en/onesolution/paper-supplies/cumberland-cardboard-160gsm-a4-scarlet-pack-100-7011754,paper-supplies
https://www.officenational.com.au/shop/en/onesolution/paper-supplies/cumberland-cardboard-160gsm-a4-royal-blue-pack-100-7002426,paper-supplies
https://www.officenational.com.au/shop/en/onesolution/paper-supplies/cumberland-cardboard-160gsm-a4-orange-pack-100-7007740,paper-supplies
https://www.officenational.com.au/shop/en/onesolution/paper-supplies/cumberland-cardboard-160gsm-a4-sunshine-yellow-pack-100-7009309,paper-supplies
https://www.officenational.com.au/shop/en/onesolution/paper-supplies/cumberland-cardboard-160gsm-a4-emerald-green-pack-100-7012329,paper-supplies
https://www.officenational.com.au/shop/en/onesolution/paper-supplies/colourful-cardboard-a4-200gsm-assorted-colours-pack-100-7001049,paper-supplies
https://www.officenational.com.au/shop/en/onesolution/paper-supplies/cumberland-cardboard-160gsm-a4-marine-blue-pack-100-7004958,paper-supplies
https://www.officenational.com.au/shop/en/onesolution/paper-supplies/colourful-cardboard-510x640-assorted-200gsm-coloured-board-7008225,paper-supplies
https://www.officenational.com.au/shop/en/onesolution/paper-supplies/cumberland-cardboard-160gsm-a4-lime-green-pack-100-7008433,paper-supplies
https://www.officenational.com.au/shop/en/onesolution/paper-supplies/quill-cardboard-foil-250gsm-510-x-630mm-gold-pack-25-7053141--1,paper-supplies
https://www.officenational.com.au/shop/en/onesolution/paper-supplies/rainbow-system-board-150gsm-a4-white-pack-100-7058581--1,paper-supplies
https://www.officenational.com.au/shop/en/onesolution/paper-supplies/colourful-white-pasteboard-a4-3-sheet-pack-100-7012170,paper-supplies
